{
	"BUILD_DIR" : "/Users/arsen/Home/Calculator/build-Calculator-Qt_6_8_0_for_macOS-Debug/Calculator_autogen",
	"CMAKE_BINARY_DIR" : "/Users/arsen/Home/Calculator/build-Calculator-Qt_6_8_0_for_macOS-Debug",
	"CMAKE_CURRENT_BINARY_DIR" : "/Users/arsen/Home/Calculator/build-Calculator-Qt_6_8_0_for_macOS-Debug",
	"CMAKE_CURRENT_SOURCE_DIR" : "/Users/arsen/Home/Calculator/Calculator",
	"CMAKE_EXECUTABLE" : "/Users/arsen/Qt/Tools/CMake/CMake.app/Contents/bin/cmake",
	"CMAKE_LIST_FILES" : 
	[
		"/Users/arsen/Home/Calculator/Calculator/CMakeLists.txt",
		"/Users/arsen/Home/Calculator/build-Calculator-Qt_6_8_0_for_macOS-Debug/.qtc/package-manager/auto-setup.cmake",
		"/Users/arsen/Qt/Tools/CMake/CMake.app/Contents/share/cmake-3.27/Modules/CMakeDetermineSystem.cmake",
		"/Users/arsen/Qt/Tools/CMake/CMake.app/Contents/share/cmake-3.27/Modules/CMakeSystem.cmake.in",
		"/Users/arsen/Home/Calculator/build-Calculator-Qt_6_8_0_for_macOS-Debug/CMakeFiles/3.27.7/CMakeSystem.cmake",
		"/Users/arsen/Qt/Tools/CMake/CMake.app/Contents/share/cmake-3.27/Modules/CMakeNinjaFindMake.cmake",
		"/Users/arsen/Qt/Tools/CMake/CMake.app/Contents/share/cmake-3.27/Modules/CMakeSystemSpecificInitialize.cmake",
		"/Users/arsen/Qt/Tools/CMake/CMake.app/Contents/share/cmake-3.27/Modules/Platform/Darwin-Initialize.cmake",
		"/Users/arsen/Qt/Tools/CMake/CMake.app/Contents/share/cmake-3.27/Modules/CMakeDetermineCXXCompiler.cmake",
		"/Users/arsen/Qt/Tools/CMake/CMake.app/Contents/share/cmake-3.27/Modules/CMakeDetermineCompiler.cmake",
		"/Users/arsen/Qt/Tools/CMake/CMake.app/Contents/share/cmake-3.27/Modules/Platform/Darwin-Determine-CXX.cmake",
		"/Users/arsen/Qt/Tools/CMake/CMake.app/Contents/share/cmake-3.27/Modules/CMakeDetermineCompilerId.cmake",
		"/Users/arsen/Qt/Tools/CMake/CMake.app/Contents/share/cmake-3.27/Modules/CMakeCompilerIdDetection.cmake",
		"/Users/arsen/Qt/Tools/CMake/CMake.app/Contents/share/cmake-3.27/Modules/Compiler/ADSP-DetermineCompiler.cmake",
		"/Users/arsen/Qt/Tools/CMake/CMake.app/Contents/share/cmake-3.27/Modules/Compiler/ARMCC-DetermineCompiler.cmake",
		"/Users/arsen/Qt/Tools/CMake/CMake.app/Contents/share/cmake-3.27/Modules/Compiler/ARMClang-DetermineCompiler.cmake",
		"/Users/arsen/Qt/Tools/CMake/CMake.app/Contents/share/cmake-3.27/Modules/Compiler/AppleClang-DetermineCompiler.cmake",
		"/Users/arsen/Qt/Tools/CMake/CMake.app/Contents/share/cmake-3.27/Modules/Compiler/Clang-DetermineCompilerInternal.cmake",
		"/Users/arsen/Qt/Tools/CMake/CMake.app/Contents/share/cmake-3.27/Modules/Compiler/Borland-DetermineCompiler.cmake",
		"/Users/arsen/Qt/Tools/CMake/CMake.app/Contents/share/cmake-3.27/Modules/Compiler/Clang-DetermineCompiler.cmake",
		"/Users/arsen/Qt/Tools/CMake/CMake.app/Contents/share/cmake-3.27/Modules/Compiler/Clang-DetermineCompilerInternal.cmake",
		"/Users/arsen/Qt/Tools/CMake/CMake.app/Contents/share/cmake-3.27/Modules/Compiler/Comeau-CXX-DetermineCompiler.cmake",
		"/Users/arsen/Qt/Tools/CMake/CMake.app/Contents/share/cmake-3.27/Modules/Compiler/Compaq-CXX-DetermineCompiler.cmake",
		"/Users/arsen/Qt/Tools/CMake/CMake.app/Contents/share/cmake-3.27/Modules/Compiler/Cray-DetermineCompiler.cmake",
		"/Users/arsen/Qt/Tools/CMake/CMake.app/Contents/share/cmake-3.27/Modules/Compiler/Embarcadero-DetermineCompiler.cmake",
		"/Users/arsen/Qt/Tools/CMake/CMake.app/Contents/share/cmake-3.27/Modules/Compiler/Fujitsu-DetermineCompiler.cmake",
		"/Users/arsen/Qt/Tools/CMake/CMake.app/Contents/share/cmake-3.27/Modules/Compiler/FujitsuClang-DetermineCompiler.cmake",
		"/Users/arsen/Qt/Tools/CMake/CMake.app/Contents/share/cmake-3.27/Modules/Compiler/GHS-DetermineCompiler.cmake",
		"/Users/arsen/Qt/Tools/CMake/CMake.app/Contents/share/cmake-3.27/Modules/Compiler/GNU-CXX-DetermineCompiler.cmake",
		"/Users/arsen/Qt/Tools/CMake/CMake.app/Contents/share/cmake-3.27/Modules/Compiler/HP-CXX-DetermineCompiler.cmake",
		"/Users/arsen/Qt/Tools/CMake/CMake.app/Contents/share/cmake-3.27/Modules/Compiler/IAR-DetermineCompiler.cmake",
		"/Users/arsen/Qt/Tools/CMake/CMake.app/Contents/share/cmake-3.27/Modules/Compiler/IBMClang-CXX-DetermineCompiler.cmake",
		"/Users/arsen/Qt/Tools/CMake/CMake.app/Contents/share/cmake-3.27/Modules/Compiler/Intel-DetermineCompiler.cmake",
		"/Users/arsen/Qt/Tools/CMake/CMake.app/Contents/share/cmake-3.27/Modules/Compiler/IntelLLVM-DetermineCompiler.cmake",
		"/Users/arsen/Qt/Tools/CMake/CMake.app/Contents/share/cmake-3.27/Modules/Compiler/LCC-CXX-DetermineCompiler.cmake",
		"/Users/arsen/Qt/Tools/CMake/CMake.app/Contents/share/cmake-3.27/Modules/Compiler/MSVC-DetermineCompiler.cmake",
		"/Users/arsen/Qt/Tools/CMake/CMake.app/Contents/share/cmake-3.27/Modules/Compiler/NVHPC-DetermineCompiler.cmake",
		"/Users/arsen/Qt/Tools/CMake/CMake.app/Contents/share/cmake-3.27/Modules/Compiler/NVIDIA-DetermineCompiler.cmake",
		"/Users/arsen/Qt/Tools/CMake/CMake.app/Contents/share/cmake-3.27/Modules/Compiler/OpenWatcom-DetermineCompiler.cmake",
		"/Users/arsen/Qt/Tools/CMake/CMake.app/Contents/share/cmake-3.27/Modules/Compiler/PGI-DetermineCompiler.cmake",
		"/Users/arsen/Qt/Tools/CMake/CMake.app/Contents/share/cmake-3.27/Modules/Compiler/PathScale-DetermineCompiler.cmake",
		"/Users/arsen/Qt/Tools/CMake/CMake.app/Contents/share/cmake-3.27/Modules/Compiler/SCO-DetermineCompiler.cmake",
		"/Users/arsen/Qt/Tools/CMake/CMake.app/Contents/share/cmake-3.27/Modules/Compiler/SunPro-CXX-DetermineCompiler.cmake",
		"/Users/arsen/Qt/Tools/CMake/CMake.app/Contents/share/cmake-3.27/Modules/Compiler/TI-DetermineCompiler.cmake",
		"/Users/arsen/Qt/Tools/CMake/CMake.app/Contents/share/cmake-3.27/Modules/Compiler/Tasking-DetermineCompiler.cmake",
		"/Users/arsen/Qt/Tools/CMake/CMake.app/Contents/share/cmake-3.27/Modules/Compiler/VisualAge-CXX-DetermineCompiler.cmake",
		"/Users/arsen/Qt/Tools/CMake/CMake.app/Contents/share/cmake-3.27/Modules/Compiler/IBMCPP-CXX-DetermineVersionInternal.cmake",
		"/Users/arsen/Qt/Tools/CMake/CMake.app/Contents/share/cmake-3.27/Modules/Compiler/Watcom-DetermineCompiler.cmake",
		"/Users/arsen/Qt/Tools/CMake/CMake.app/Contents/share/cmake-3.27/Modules/Compiler/XL-CXX-DetermineCompiler.cmake",
		"/Users/arsen/Qt/Tools/CMake/CMake.app/Contents/share/cmake-3.27/Modules/Compiler/IBMCPP-CXX-DetermineVersionInternal.cmake",
		"/Users/arsen/Qt/Tools/CMake/CMake.app/Contents/share/cmake-3.27/Modules/Compiler/XLClang-CXX-DetermineCompiler.cmake",
		"/Users/arsen/Qt/Tools/CMake/CMake.app/Contents/share/cmake-3.27/Modules/Compiler/zOS-CXX-DetermineCompiler.cmake",
		"/Users/arsen/Qt/Tools/CMake/CMake.app/Contents/share/cmake-3.27/Modules/Compiler/IBMCPP-CXX-DetermineVersionInternal.cmake",
		"/Users/arsen/Qt/Tools/CMake/CMake.app/Contents/share/cmake-3.27/Modules/CMakeFindBinUtils.cmake",
		"/Users/arsen/Qt/Tools/CMake/CMake.app/Contents/share/cmake-3.27/Modules/CMakeCXXCompiler.cmake.in",
		"/Users/arsen/Home/Calculator/build-Calculator-Qt_6_8_0_for_macOS-Debug/CMakeFiles/3.27.7/CMakeCXXCompiler.cmake",
		"/Users/arsen/Qt/Tools/CMake/CMake.app/Contents/share/cmake-3.27/Modules/CMakeSystemSpecificInformation.cmake",
		"/Users/arsen/Qt/Tools/CMake/CMake.app/Contents/share/cmake-3.27/Modules/CMakeGenericSystem.cmake",
		"/Users/arsen/Qt/Tools/CMake/CMake.app/Contents/share/cmake-3.27/Modules/CMakeInitializeConfigs.cmake",
		"/Users/arsen/Qt/Tools/CMake/CMake.app/Contents/share/cmake-3.27/Modules/Platform/Darwin.cmake",
		"/Users/arsen/Qt/Tools/CMake/CMake.app/Contents/share/cmake-3.27/Modules/Platform/UnixPaths.cmake",
		"/Users/arsen/Qt/Tools/CMake/CMake.app/Contents/share/cmake-3.27/Modules/CMakeCXXInformation.cmake",
		"/Users/arsen/Qt/Tools/CMake/CMake.app/Contents/share/cmake-3.27/Modules/CMakeLanguageInformation.cmake",
		"/Users/arsen/Qt/Tools/CMake/CMake.app/Contents/share/cmake-3.27/Modules/Compiler/AppleClang-CXX.cmake",
		"/Users/arsen/Qt/Tools/CMake/CMake.app/Contents/share/cmake-3.27/Modules/Compiler/Clang.cmake",
		"/Users/arsen/Qt/Tools/CMake/CMake.app/Contents/share/cmake-3.27/Modules/Compiler/CMakeCommonCompilerMacros.cmake",
		"/Users/arsen/Qt/Tools/CMake/CMake.app/Contents/share/cmake-3.27/Modules/Compiler/GNU.cmake",
		"/Users/arsen/Qt/Tools/CMake/CMake.app/Contents/share/cmake-3.27/Modules/Compiler/CMakeCommonCompilerMacros.cmake",
		"/Users/arsen/Qt/Tools/CMake/CMake.app/Contents/share/cmake-3.27/Modules/Platform/Apple-AppleClang-CXX.cmake",
		"/Users/arsen/Qt/Tools/CMake/CMake.app/Contents/share/cmake-3.27/Modules/Platform/Apple-Clang-CXX.cmake",
		"/Users/arsen/Qt/Tools/CMake/CMake.app/Contents/share/cmake-3.27/Modules/Platform/Apple-Clang.cmake",
		"/Users/arsen/Qt/Tools/CMake/CMake.app/Contents/share/cmake-3.27/Modules/CMakeCommonLanguageInclude.cmake",
		"/Users/arsen/Qt/Tools/CMake/CMake.app/Contents/share/cmake-3.27/Modules/CMakeTestCXXCompiler.cmake",
		"/Users/arsen/Qt/Tools/CMake/CMake.app/Contents/share/cmake-3.27/Modules/CMakeTestCompilerCommon.cmake",
		"/Users/arsen/Qt/Tools/CMake/CMake.app/Contents/share/cmake-3.27/Modules/CMakeDetermineCompilerABI.cmake",
		"/Users/arsen/Qt/Tools/CMake/CMake.app/Contents/share/cmake-3.27/Modules/CMakeParseImplicitIncludeInfo.cmake",
		"/Users/arsen/Qt/Tools/CMake/CMake.app/Contents/share/cmake-3.27/Modules/CMakeParseImplicitLinkInfo.cmake",
		"/Users/arsen/Qt/Tools/CMake/CMake.app/Contents/share/cmake-3.27/Modules/CMakeParseLibraryArchitecture.cmake",
		"/Users/arsen/Qt/Tools/CMake/CMake.app/Contents/share/cmake-3.27/Modules/CMakeTestCompilerCommon.cmake",
		"/Users/arsen/Qt/Tools/CMake/CMake.app/Contents/share/cmake-3.27/Modules/CMakeCXXCompilerABI.cpp",
		"/Users/arsen/Qt/Tools/CMake/CMake.app/Contents/share/cmake-3.27/Modules/CMakeDetermineCompileFeatures.cmake",
		"/Users/arsen/Qt/Tools/CMake/CMake.app/Contents/share/cmake-3.27/Modules/Internal/FeatureTesting.cmake",
		"/Users/arsen/Qt/Tools/CMake/CMake.app/Contents/share/cmake-3.27/Modules/CMakeCXXCompiler.cmake.in",
		"/Users/arsen/Home/Calculator/build-Calculator-Qt_6_8_0_for_macOS-Debug/CMakeFiles/3.27.7/CMakeCXXCompiler.cmake",
		"/Users/arsen/Qt/6.8.0/macos/lib/cmake/Qt6/Qt6ConfigVersion.cmake",
		"/Users/arsen/Qt/6.8.0/macos/lib/cmake/Qt6/Qt6ConfigVersionImpl.cmake",
		"/Users/arsen/Qt/6.8.0/macos/lib/cmake/Qt6/Qt6Config.cmake",
		"/Users/arsen/Qt/6.8.0/macos/lib/cmake/Qt6/Qt6ConfigExtras.cmake",
		"/Users/arsen/Qt/6.8.0/macos/lib/cmake/Qt6/QtPublicCMakeVersionHelpers.cmake",
		"/Users/arsen/Qt/6.8.0/macos/lib/cmake/Qt6/Qt6Targets.cmake",
		"/Users/arsen/Qt/6.8.0/macos/lib/cmake/Qt6/Qt6VersionlessTargets.cmake",
		"/Users/arsen/Qt/6.8.0/macos/lib/cmake/Qt6/QtFeature.cmake",
		"/Users/arsen/Qt/Tools/CMake/CMake.app/Contents/share/cmake-3.27/Modules/CheckCXXCompilerFlag.cmake",
		"/Users/arsen/Qt/Tools/CMake/CMake.app/Contents/share/cmake-3.27/Modules/Internal/CheckCompilerFlag.cmake",
		"/Users/arsen/Qt/Tools/CMake/CMake.app/Contents/share/cmake-3.27/Modules/Internal/CheckFlagCommonConfig.cmake",
		"/Users/arsen/Qt/Tools/CMake/CMake.app/Contents/share/cmake-3.27/Modules/Internal/CheckSourceCompiles.cmake",
		"/Users/arsen/Qt/Tools/CMake/CMake.app/Contents/share/cmake-3.27/Modules/CMakeCheckCompilerFlagCommonPatterns.cmake",
		"/Users/arsen/Qt/Tools/CMake/CMake.app/Contents/share/cmake-3.27/Modules/CheckCXXSourceCompiles.cmake",
		"/Users/arsen/Qt/Tools/CMake/CMake.app/Contents/share/cmake-3.27/Modules/Internal/CheckSourceCompiles.cmake",
		"/Users/arsen/Qt/6.8.0/macos/lib/cmake/Qt6/QtFeatureCommon.cmake",
		"/Users/arsen/Qt/6.8.0/macos/lib/cmake/Qt6/QtPublicAppleHelpers.cmake",
		"/Users/arsen/Qt/6.8.0/macos/lib/cmake/Qt6/QtPublicCMakeHelpers.cmake",
		"/Users/arsen/Qt/6.8.0/macos/lib/cmake/Qt6/QtPublicCMakeVersionHelpers.cmake",
		"/Users/arsen/Qt/6.8.0/macos/lib/cmake/Qt6/QtPublicDependencyHelpers.cmake",
		"/Users/arsen/Qt/6.8.0/macos/lib/cmake/Qt6/QtPublicExternalProjectHelpers.cmake",
		"/Users/arsen/Qt/6.8.0/macos/lib/cmake/Qt6/QtPublicFinalizerHelpers.cmake",
		"/Users/arsen/Qt/6.8.0/macos/lib/cmake/Qt6/QtPublicFindPackageHelpers.cmake",
		"/Users/arsen/Qt/6.8.0/macos/lib/cmake/Qt6/QtPublicPluginHelpers.cmake",
		"/Users/arsen/Qt/6.8.0/macos/lib/cmake/Qt6/QtPublicTargetHelpers.cmake",
		"/Users/arsen/Qt/6.8.0/macos/lib/cmake/Qt6/QtPublicTestHelpers.cmake",
		"/Users/arsen/Qt/6.8.0/macos/lib/cmake/Qt6/QtPublicToolHelpers.cmake",
		"/Users/arsen/Qt/6.8.0/macos/lib/cmake/Qt6/QtPublicWalkLibsHelpers.cmake",
		"/Users/arsen/Qt/Tools/CMake/CMake.app/Contents/share/cmake-3.27/Modules/CMakeFindDependencyMacro.cmake",
		"/Users/arsen/Qt/6.8.0/macos/lib/cmake/Qt6/Qt6Dependencies.cmake",
		"/Users/arsen/Qt/Tools/CMake/CMake.app/Contents/share/cmake-3.27/Modules/FindThreads.cmake",
		"/Users/arsen/Qt/Tools/CMake/CMake.app/Contents/share/cmake-3.27/Modules/CheckLibraryExists.cmake",
		"/Users/arsen/Qt/Tools/CMake/CMake.app/Contents/share/cmake-3.27/Modules/CheckIncludeFileCXX.cmake",
		"/Users/arsen/Qt/Tools/CMake/CMake.app/Contents/share/cmake-3.27/Modules/CheckCXXSourceCompiles.cmake",
		"/Users/arsen/Qt/Tools/CMake/CMake.app/Contents/share/cmake-3.27/Modules/FindPackageHandleStandardArgs.cmake",
		"/Users/arsen/Qt/Tools/CMake/CMake.app/Contents/share/cmake-3.27/Modules/FindPackageMessage.cmake",
		"/Users/arsen/Qt/6.8.0/macos/lib/cmake/Qt6/Qt6ConfigVersion.cmake",
		"/Users/arsen/Qt/6.8.0/macos/lib/cmake/Qt6/Qt6ConfigVersionImpl.cmake",
		"/Users/arsen/Qt/6.8.0/macos/lib/cmake/Qt6/Qt6Config.cmake",
		"/Users/arsen/Qt/6.8.0/macos/lib/cmake/Qt6/Qt6ConfigExtras.cmake",
		"/Users/arsen/Qt/6.8.0/macos/lib/cmake/Qt6/QtPublicCMakeVersionHelpers.cmake",
		"/Users/arsen/Qt/6.8.0/macos/lib/cmake/Qt6/Qt6Targets.cmake",
		"/Users/arsen/Qt/6.8.0/macos/lib/cmake/Qt6/Qt6VersionlessTargets.cmake",
		"/Users/arsen/Qt/6.8.0/macos/lib/cmake/Qt6/QtFeature.cmake",
		"/Users/arsen/Qt/Tools/CMake/CMake.app/Contents/share/cmake-3.27/Modules/CheckCXXCompilerFlag.cmake",
		"/Users/arsen/Qt/6.8.0/macos/lib/cmake/Qt6/QtFeatureCommon.cmake",
		"/Users/arsen/Qt/6.8.0/macos/lib/cmake/Qt6/QtPublicAppleHelpers.cmake",
		"/Users/arsen/Qt/6.8.0/macos/lib/cmake/Qt6/QtPublicCMakeHelpers.cmake",
		"/Users/arsen/Qt/6.8.0/macos/lib/cmake/Qt6/QtPublicCMakeVersionHelpers.cmake",
		"/Users/arsen/Qt/6.8.0/macos/lib/cmake/Qt6/QtPublicDependencyHelpers.cmake",
		"/Users/arsen/Qt/6.8.0/macos/lib/cmake/Qt6/QtPublicExternalProjectHelpers.cmake",
		"/Users/arsen/Qt/6.8.0/macos/lib/cmake/Qt6/QtPublicFinalizerHelpers.cmake",
		"/Users/arsen/Qt/6.8.0/macos/lib/cmake/Qt6/QtPublicFindPackageHelpers.cmake",
		"/Users/arsen/Qt/6.8.0/macos/lib/cmake/Qt6/QtPublicPluginHelpers.cmake",
		"/Users/arsen/Qt/6.8.0/macos/lib/cmake/Qt6/QtPublicTargetHelpers.cmake",
		"/Users/arsen/Qt/6.8.0/macos/lib/cmake/Qt6/QtPublicTestHelpers.cmake",
		"/Users/arsen/Qt/6.8.0/macos/lib/cmake/Qt6/QtPublicToolHelpers.cmake",
		"/Users/arsen/Qt/6.8.0/macos/lib/cmake/Qt6/QtPublicWalkLibsHelpers.cmake",
		"/Users/arsen/Qt/Tools/CMake/CMake.app/Contents/share/cmake-3.27/Modules/CMakeFindDependencyMacro.cmake",
		"/Users/arsen/Qt/6.8.0/macos/lib/cmake/Qt6/Qt6Dependencies.cmake",
		"/Users/arsen/Qt/6.8.0/macos/lib/cmake/Qt6Widgets/Qt6WidgetsConfigVersion.cmake",
		"/Users/arsen/Qt/6.8.0/macos/lib/cmake/Qt6Widgets/Qt6WidgetsConfigVersionImpl.cmake",
		"/Users/arsen/Qt/6.8.0/macos/lib/cmake/Qt6Widgets/Qt6WidgetsConfig.cmake",
		"/Users/arsen/Qt/Tools/CMake/CMake.app/Contents/share/cmake-3.27/Modules/CMakeFindDependencyMacro.cmake",
		"/Users/arsen/Qt/6.8.0/macos/lib/cmake/Qt6Widgets/Qt6WidgetsDependencies.cmake",
		"/Users/arsen/Qt/6.8.0/macos/lib/cmake/Qt6WidgetsTools/Qt6WidgetsToolsConfigVersion.cmake",
		"/Users/arsen/Qt/6.8.0/macos/lib/cmake/Qt6WidgetsTools/Qt6WidgetsToolsConfigVersionImpl.cmake",
		"/Users/arsen/Qt/6.8.0/macos/lib/cmake/Qt6WidgetsTools/Qt6WidgetsToolsConfig.cmake",
		"/Users/arsen/Qt/Tools/CMake/CMake.app/Contents/share/cmake-3.27/Modules/CMakeFindDependencyMacro.cmake",
		"/Users/arsen/Qt/6.8.0/macos/lib/cmake/Qt6WidgetsTools/Qt6WidgetsToolsDependencies.cmake",
		"/Users/arsen/Qt/6.8.0/macos/lib/cmake/Qt6CoreTools/Qt6CoreToolsConfigVersion.cmake",
		"/Users/arsen/Qt/6.8.0/macos/lib/cmake/Qt6CoreTools/Qt6CoreToolsConfigVersionImpl.cmake",
		"/Users/arsen/Qt/6.8.0/macos/lib/cmake/Qt6CoreTools/Qt6CoreToolsConfig.cmake",
		"/Users/arsen/Qt/Tools/CMake/CMake.app/Contents/share/cmake-3.27/Modules/CMakeFindDependencyMacro.cmake",
		"/Users/arsen/Qt/6.8.0/macos/lib/cmake/Qt6CoreTools/Qt6CoreToolsDependencies.cmake",
		"/Users/arsen/Qt/6.8.0/macos/lib/cmake/Qt6CoreTools/Qt6CoreToolsTargets.cmake",
		"/Users/arsen/Qt/6.8.0/macos/lib/cmake/Qt6CoreTools/Qt6CoreToolsTargets-relwithdebinfo.cmake",
		"/Users/arsen/Qt/6.8.0/macos/lib/cmake/Qt6CoreTools/Qt6CoreToolsAdditionalTargetInfo.cmake",
		"/Users/arsen/Qt/6.8.0/macos/lib/cmake/Qt6CoreTools/Qt6CoreToolsVersionlessTargets.cmake",
		"/Users/arsen/Qt/6.8.0/macos/lib/cmake/Qt6GuiTools/Qt6GuiToolsConfigVersion.cmake",
		"/Users/arsen/Qt/6.8.0/macos/lib/cmake/Qt6GuiTools/Qt6GuiToolsConfigVersionImpl.cmake",
		"/Users/arsen/Qt/6.8.0/macos/lib/cmake/Qt6GuiTools/Qt6GuiToolsConfig.cmake",
		"/Users/arsen/Qt/Tools/CMake/CMake.app/Contents/share/cmake-3.27/Modules/CMakeFindDependencyMacro.cmake",
		"/Users/arsen/Qt/6.8.0/macos/lib/cmake/Qt6GuiTools/Qt6GuiToolsDependencies.cmake",
		"/Users/arsen/Qt/6.8.0/macos/lib/cmake/Qt6GuiTools/Qt6GuiToolsTargets.cmake",
		"/Users/arsen/Qt/6.8.0/macos/lib/cmake/Qt6GuiTools/Qt6GuiToolsTargets-relwithdebinfo.cmake",
		"/Users/arsen/Qt/6.8.0/macos/lib/cmake/Qt6GuiTools/Qt6GuiToolsAdditionalTargetInfo.cmake",
		"/Users/arsen/Qt/6.8.0/macos/lib/cmake/Qt6GuiTools/Qt6GuiToolsVersionlessTargets.cmake",
		"/Users/arsen/Qt/6.8.0/macos/lib/cmake/Qt6WidgetsTools/Qt6WidgetsToolsTargets.cmake",
		"/Users/arsen/Qt/6.8.0/macos/lib/cmake/Qt6WidgetsTools/Qt6WidgetsToolsTargets-relwithdebinfo.cmake",
		"/Users/arsen/Qt/6.8.0/macos/lib/cmake/Qt6WidgetsTools/Qt6WidgetsToolsAdditionalTargetInfo.cmake",
		"/Users/arsen/Qt/6.8.0/macos/lib/cmake/Qt6WidgetsTools/Qt6WidgetsToolsVersionlessTargets.cmake",
		"/Users/arsen/Qt/6.8.0/macos/lib/cmake/Qt6Core/Qt6CoreConfigVersion.cmake",
		"/Users/arsen/Qt/6.8.0/macos/lib/cmake/Qt6Core/Qt6CoreConfigVersionImpl.cmake",
		"/Users/arsen/Qt/6.8.0/macos/lib/cmake/Qt6Core/Qt6CoreConfig.cmake",
		"/Users/arsen/Qt/Tools/CMake/CMake.app/Contents/share/cmake-3.27/Modules/CMakeFindDependencyMacro.cmake",
		"/Users/arsen/Qt/6.8.0/macos/lib/cmake/Qt6Core/Qt6CoreDependencies.cmake",
		"/Users/arsen/Qt/6.8.0/macos/lib/cmake/Qt6/FindWrapAtomic.cmake",
		"/Users/arsen/Qt/Tools/CMake/CMake.app/Contents/share/cmake-3.27/Modules/CheckCXXSourceCompiles.cmake",
		"/Users/arsen/Qt/Tools/CMake/CMake.app/Contents/share/cmake-3.27/Modules/FindPackageHandleStandardArgs.cmake",
		"/Users/arsen/Qt/Tools/CMake/CMake.app/Contents/share/cmake-3.27/Modules/FindPackageMessage.cmake",
		"/Users/arsen/Qt/6.8.0/macos/lib/cmake/Qt6CoreTools/Qt6CoreToolsConfigVersion.cmake",
		"/Users/arsen/Qt/6.8.0/macos/lib/cmake/Qt6CoreTools/Qt6CoreToolsConfigVersionImpl.cmake",
		"/Users/arsen/Qt/6.8.0/macos/lib/cmake/Qt6CoreTools/Qt6CoreToolsConfig.cmake",
		"/Users/arsen/Qt/Tools/CMake/CMake.app/Contents/share/cmake-3.27/Modules/CMakeFindDependencyMacro.cmake",
		"/Users/arsen/Qt/6.8.0/macos/lib/cmake/Qt6CoreTools/Qt6CoreToolsDependencies.cmake",
		"/Users/arsen/Qt/6.8.0/macos/lib/cmake/Qt6CoreTools/Qt6CoreToolsTargets.cmake",
		"/Users/arsen/Qt/6.8.0/macos/lib/cmake/Qt6CoreTools/Qt6CoreToolsAdditionalTargetInfo.cmake",
		"/Users/arsen/Qt/6.8.0/macos/lib/cmake/Qt6CoreTools/Qt6CoreToolsVersionlessTargets.cmake",
		"/Users/arsen/Qt/6.8.0/macos/lib/cmake/Qt6Core/Qt6CoreTargets.cmake",
		"/Users/arsen/Qt/6.8.0/macos/lib/cmake/Qt6Core/Qt6CoreTargets-relwithdebinfo.cmake",
		"/Users/arsen/Qt/6.8.0/macos/lib/cmake/Qt6Core/Qt6CoreAdditionalTargetInfo.cmake",
		"/Users/arsen/Qt/6.8.0/macos/lib/cmake/Qt6Core/Qt6CoreVersionlessTargets.cmake",
		"/Users/arsen/Qt/6.8.0/macos/lib/cmake/Qt6Core/Qt6CoreMacros.cmake",
		"/Users/arsen/Qt/6.8.0/macos/lib/cmake/Qt6Core/Qt6CoreConfigExtras.cmake",
		"/Users/arsen/Qt/6.8.0/macos/lib/cmake/Qt6Core/QtInstallPaths.cmake",
		"/Users/arsen/Qt/Tools/CMake/CMake.app/Contents/share/cmake-3.27/Modules/GNUInstallDirs.cmake",
		"/Users/arsen/Qt/6.8.0/macos/lib/cmake/Qt6Core/Qt6CorePlugins.cmake",
		"/Users/arsen/Qt/6.8.0/macos/lib/cmake/Qt6Core/Qt6QDarwinBluetoothPermissionPluginConfig.cmake",
		"/Users/arsen/Qt/Tools/CMake/CMake.app/Contents/share/cmake-3.27/Modules/CMakeFindDependencyMacro.cmake",
		"/Users/arsen/Qt/6.8.0/macos/lib/cmake/Qt6Core/Qt6QDarwinBluetoothPermissionPluginDependencies.cmake",
		"/Users/arsen/Qt/6.8.0/macos/lib/cmake/Qt6Core/Qt6QDarwinBluetoothPermissionPluginTargets.cmake",
		"/Users/arsen/Qt/6.8.0/macos/lib/cmake/Qt6Core/Qt6QDarwinBluetoothPermissionPluginTargets-relwithdebinfo.cmake",
		"/Users/arsen/Qt/6.8.0/macos/lib/cmake/Qt6Core/Qt6QDarwinBluetoothPermissionPluginAdditionalTargetInfo.cmake",
		"/Users/arsen/Qt/6.8.0/macos/lib/cmake/Qt6Core/Qt6QDarwinCalendarPermissionPluginConfig.cmake",
		"/Users/arsen/Qt/Tools/CMake/CMake.app/Contents/share/cmake-3.27/Modules/CMakeFindDependencyMacro.cmake",
		"/Users/arsen/Qt/6.8.0/macos/lib/cmake/Qt6Core/Qt6QDarwinCalendarPermissionPluginDependencies.cmake",
		"/Users/arsen/Qt/6.8.0/macos/lib/cmake/Qt6Core/Qt6QDarwinCalendarPermissionPluginTargets.cmake",
		"/Users/arsen/Qt/6.8.0/macos/lib/cmake/Qt6Core/Qt6QDarwinCalendarPermissionPluginTargets-relwithdebinfo.cmake",
		"/Users/arsen/Qt/6.8.0/macos/lib/cmake/Qt6Core/Qt6QDarwinCalendarPermissionPluginAdditionalTargetInfo.cmake",
		"/Users/arsen/Qt/6.8.0/macos/lib/cmake/Qt6Core/Qt6QDarwinCameraPermissionPluginConfig.cmake",
		"/Users/arsen/Qt/Tools/CMake/CMake.app/Contents/share/cmake-3.27/Modules/CMakeFindDependencyMacro.cmake",
		"/Users/arsen/Qt/6.8.0/macos/lib/cmake/Qt6Core/Qt6QDarwinCameraPermissionPluginDependencies.cmake",
		"/Users/arsen/Qt/6.8.0/macos/lib/cmake/Qt6Core/Qt6QDarwinCameraPermissionPluginTargets.cmake",
		"/Users/arsen/Qt/6.8.0/macos/lib/cmake/Qt6Core/Qt6QDarwinCameraPermissionPluginTargets-relwithdebinfo.cmake",
		"/Users/arsen/Qt/6.8.0/macos/lib/cmake/Qt6Core/Qt6QDarwinCameraPermissionPluginAdditionalTargetInfo.cmake",
		"/Users/arsen/Qt/6.8.0/macos/lib/cmake/Qt6Core/Qt6QDarwinContactsPermissionPluginConfig.cmake",
		"/Users/arsen/Qt/Tools/CMake/CMake.app/Contents/share/cmake-3.27/Modules/CMakeFindDependencyMacro.cmake",
		"/Users/arsen/Qt/6.8.0/macos/lib/cmake/Qt6Core/Qt6QDarwinContactsPermissionPluginDependencies.cmake",
		"/Users/arsen/Qt/6.8.0/macos/lib/cmake/Qt6Core/Qt6QDarwinContactsPermissionPluginTargets.cmake",
		"/Users/arsen/Qt/6.8.0/macos/lib/cmake/Qt6Core/Qt6QDarwinContactsPermissionPluginTargets-relwithdebinfo.cmake",
		"/Users/arsen/Qt/6.8.0/macos/lib/cmake/Qt6Core/Qt6QDarwinContactsPermissionPluginAdditionalTargetInfo.cmake",
		"/Users/arsen/Qt/6.8.0/macos/lib/cmake/Qt6Core/Qt6QDarwinLocationPermissionPluginConfig.cmake",
		"/Users/arsen/Qt/Tools/CMake/CMake.app/Contents/share/cmake-3.27/Modules/CMakeFindDependencyMacro.cmake",
		"/Users/arsen/Qt/6.8.0/macos/lib/cmake/Qt6Core/Qt6QDarwinLocationPermissionPluginDependencies.cmake",
		"/Users/arsen/Qt/6.8.0/macos/lib/cmake/Qt6Core/Qt6QDarwinLocationPermissionPluginTargets.cmake",
		"/Users/arsen/Qt/6.8.0/macos/lib/cmake/Qt6Core/Qt6QDarwinLocationPermissionPluginTargets-relwithdebinfo.cmake",
		"/Users/arsen/Qt/6.8.0/macos/lib/cmake/Qt6Core/Qt6QDarwinLocationPermissionPluginAdditionalTargetInfo.cmake",
		"/Users/arsen/Qt/6.8.0/macos/lib/cmake/Qt6Core/Qt6QDarwinMicrophonePermissionPluginConfig.cmake",
		"/Users/arsen/Qt/Tools/CMake/CMake.app/Contents/share/cmake-3.27/Modules/CMakeFindDependencyMacro.cmake",
		"/Users/arsen/Qt/6.8.0/macos/lib/cmake/Qt6Core/Qt6QDarwinMicrophonePermissionPluginDependencies.cmake",
		"/Users/arsen/Qt/6.8.0/macos/lib/cmake/Qt6Core/Qt6QDarwinMicrophonePermissionPluginTargets.cmake",
		"/Users/arsen/Qt/6.8.0/macos/lib/cmake/Qt6Core/Qt6QDarwinMicrophonePermissionPluginTargets-relwithdebinfo.cmake",
		"/Users/arsen/Qt/6.8.0/macos/lib/cmake/Qt6Core/Qt6QDarwinMicrophonePermissionPluginAdditionalTargetInfo.cmake",
		"/Users/arsen/Qt/6.8.0/macos/lib/cmake/Qt6Gui/Qt6GuiConfigVersion.cmake",
		"/Users/arsen/Qt/6.8.0/macos/lib/cmake/Qt6Gui/Qt6GuiConfigVersionImpl.cmake",
		"/Users/arsen/Qt/6.8.0/macos/lib/cmake/Qt6Gui/Qt6GuiConfig.cmake",
		"/Users/arsen/Qt/Tools/CMake/CMake.app/Contents/share/cmake-3.27/Modules/CMakeFindDependencyMacro.cmake",
		"/Users/arsen/Qt/6.8.0/macos/lib/cmake/Qt6Gui/Qt6GuiDependencies.cmake",
		"/Users/arsen/Qt/6.8.0/macos/lib/cmake/Qt6/FindWrapOpenGL.cmake",
		"/Users/arsen/Qt/Tools/CMake/CMake.app/Contents/share/cmake-3.27/Modules/FindOpenGL.cmake",
		"/Users/arsen/Qt/Tools/CMake/CMake.app/Contents/share/cmake-3.27/Modules/FindPackageHandleStandardArgs.cmake",
		"/Users/arsen/Qt/Tools/CMake/CMake.app/Contents/share/cmake-3.27/Modules/FindPackageMessage.cmake",
		"/Users/arsen/Qt/Tools/CMake/CMake.app/Contents/share/cmake-3.27/Modules/FindPackageHandleStandardArgs.cmake",
		"/Users/arsen/Qt/Tools/CMake/CMake.app/Contents/share/cmake-3.27/Modules/FindPackageMessage.cmake",
		"/Users/arsen/Qt/6.8.0/macos/lib/cmake/Qt6GuiTools/Qt6GuiToolsConfigVersion.cmake",
		"/Users/arsen/Qt/6.8.0/macos/lib/cmake/Qt6GuiTools/Qt6GuiToolsConfigVersionImpl.cmake",
		"/Users/arsen/Qt/6.8.0/macos/lib/cmake/Qt6GuiTools/Qt6GuiToolsConfig.cmake",
		"/Users/arsen/Qt/Tools/CMake/CMake.app/Contents/share/cmake-3.27/Modules/CMakeFindDependencyMacro.cmake",
		"/Users/arsen/Qt/6.8.0/macos/lib/cmake/Qt6GuiTools/Qt6GuiToolsDependencies.cmake",
		"/Users/arsen/Qt/6.8.0/macos/lib/cmake/Qt6GuiTools/Qt6GuiToolsTargets.cmake",
		"/Users/arsen/Qt/6.8.0/macos/lib/cmake/Qt6GuiTools/Qt6GuiToolsAdditionalTargetInfo.cmake",
		"/Users/arsen/Qt/6.8.0/macos/lib/cmake/Qt6GuiTools/Qt6GuiToolsVersionlessTargets.cmake",
		"/Users/arsen/Qt/6.8.0/macos/lib/cmake/Qt6DBus/Qt6DBusConfigVersion.cmake",
		"/Users/arsen/Qt/6.8.0/macos/lib/cmake/Qt6DBus/Qt6DBusConfigVersionImpl.cmake",
		"/Users/arsen/Qt/6.8.0/macos/lib/cmake/Qt6DBus/Qt6DBusConfig.cmake",
		"/Users/arsen/Qt/Tools/CMake/CMake.app/Contents/share/cmake-3.27/Modules/CMakeFindDependencyMacro.cmake",
		"/Users/arsen/Qt/6.8.0/macos/lib/cmake/Qt6DBus/Qt6DBusDependencies.cmake",
		"/Users/arsen/Qt/6.8.0/macos/lib/cmake/Qt6DBusTools/Qt6DBusToolsConfigVersion.cmake",
		"/Users/arsen/Qt/6.8.0/macos/lib/cmake/Qt6DBusTools/Qt6DBusToolsConfigVersionImpl.cmake",
		"/Users/arsen/Qt/6.8.0/macos/lib/cmake/Qt6DBusTools/Qt6DBusToolsConfig.cmake",
		"/Users/arsen/Qt/Tools/CMake/CMake.app/Contents/share/cmake-3.27/Modules/CMakeFindDependencyMacro.cmake",
		"/Users/arsen/Qt/6.8.0/macos/lib/cmake/Qt6DBusTools/Qt6DBusToolsDependencies.cmake",
		"/Users/arsen/Qt/6.8.0/macos/lib/cmake/Qt6DBusTools/Qt6DBusToolsTargets.cmake",
		"/Users/arsen/Qt/6.8.0/macos/lib/cmake/Qt6DBusTools/Qt6DBusToolsTargets-relwithdebinfo.cmake",
		"/Users/arsen/Qt/6.8.0/macos/lib/cmake/Qt6DBusTools/Qt6DBusToolsAdditionalTargetInfo.cmake",
		"/Users/arsen/Qt/6.8.0/macos/lib/cmake/Qt6DBusTools/Qt6DBusToolsVersionlessTargets.cmake",
		"/Users/arsen/Qt/6.8.0/macos/lib/cmake/Qt6DBus/Qt6DBusTargets.cmake",
		"/Users/arsen/Qt/6.8.0/macos/lib/cmake/Qt6DBus/Qt6DBusTargets-relwithdebinfo.cmake",
		"/Users/arsen/Qt/6.8.0/macos/lib/cmake/Qt6DBus/Qt6DBusAdditionalTargetInfo.cmake",
		"/Users/arsen/Qt/6.8.0/macos/lib/cmake/Qt6DBus/Qt6DBusVersionlessTargets.cmake",
		"/Users/arsen/Qt/6.8.0/macos/lib/cmake/Qt6DBus/Qt6DBusMacros.cmake",
		"/Users/arsen/Qt/Tools/CMake/CMake.app/Contents/share/cmake-3.27/Modules/MacroAddFileDependencies.cmake",
		"/Users/arsen/Qt/6.8.0/macos/lib/cmake/Qt6Gui/Qt6GuiTargets.cmake",
		"/Users/arsen/Qt/6.8.0/macos/lib/cmake/Qt6Gui/Qt6GuiTargets-relwithdebinfo.cmake",
		"/Users/arsen/Qt/6.8.0/macos/lib/cmake/Qt6Gui/Qt6GuiAdditionalTargetInfo.cmake",
		"/Users/arsen/Qt/6.8.0/macos/lib/cmake/Qt6Gui/Qt6GuiVersionlessTargets.cmake",
		"/Users/arsen/Qt/6.8.0/macos/lib/cmake/Qt6Gui/Qt6GuiPlugins.cmake",
		"/Users/arsen/Qt/6.8.0/macos/lib/cmake/Qt6Gui/Qt6QCocoaIntegrationPluginConfig.cmake",
		"/Users/arsen/Qt/Tools/CMake/CMake.app/Contents/share/cmake-3.27/Modules/CMakeFindDependencyMacro.cmake",
		"/Users/arsen/Qt/6.8.0/macos/lib/cmake/Qt6Gui/Qt6QCocoaIntegrationPluginTargets.cmake",
		"/Users/arsen/Qt/6.8.0/macos/lib/cmake/Qt6Gui/Qt6QCocoaIntegrationPluginTargets-relwithdebinfo.cmake",
		"/Users/arsen/Qt/6.8.0/macos/lib/cmake/Qt6Gui/Qt6QCocoaIntegrationPluginAdditionalTargetInfo.cmake",
		"/Users/arsen/Qt/6.8.0/macos/lib/cmake/Qt6Gui/Qt6QGifPluginConfig.cmake",
		"/Users/arsen/Qt/Tools/CMake/CMake.app/Contents/share/cmake-3.27/Modules/CMakeFindDependencyMacro.cmake",
		"/Users/arsen/Qt/6.8.0/macos/lib/cmake/Qt6Gui/Qt6QGifPluginTargets.cmake",
		"/Users/arsen/Qt/6.8.0/macos/lib/cmake/Qt6Gui/Qt6QGifPluginTargets-relwithdebinfo.cmake",
		"/Users/arsen/Qt/6.8.0/macos/lib/cmake/Qt6Gui/Qt6QGifPluginAdditionalTargetInfo.cmake",
		"/Users/arsen/Qt/6.8.0/macos/lib/cmake/Qt6Gui/Qt6QICNSPluginConfig.cmake",
		"/Users/arsen/Qt/Tools/CMake/CMake.app/Contents/share/cmake-3.27/Modules/CMakeFindDependencyMacro.cmake",
		"/Users/arsen/Qt/6.8.0/macos/lib/cmake/Qt6Gui/Qt6QICNSPluginTargets.cmake",
		"/Users/arsen/Qt/6.8.0/macos/lib/cmake/Qt6Gui/Qt6QICNSPluginTargets-relwithdebinfo.cmake",
		"/Users/arsen/Qt/6.8.0/macos/lib/cmake/Qt6Gui/Qt6QICNSPluginAdditionalTargetInfo.cmake",
		"/Users/arsen/Qt/6.8.0/macos/lib/cmake/Qt6Gui/Qt6QICOPluginConfig.cmake",
		"/Users/arsen/Qt/Tools/CMake/CMake.app/Contents/share/cmake-3.27/Modules/CMakeFindDependencyMacro.cmake",
		"/Users/arsen/Qt/6.8.0/macos/lib/cmake/Qt6Gui/Qt6QICOPluginTargets.cmake",
		"/Users/arsen/Qt/6.8.0/macos/lib/cmake/Qt6Gui/Qt6QICOPluginTargets-relwithdebinfo.cmake",
		"/Users/arsen/Qt/6.8.0/macos/lib/cmake/Qt6Gui/Qt6QICOPluginAdditionalTargetInfo.cmake",
		"/Users/arsen/Qt/6.8.0/macos/lib/cmake/Qt6Gui/Qt6QInsightTrackerPluginConfig.cmake",
		"/Users/arsen/Qt/Tools/CMake/CMake.app/Contents/share/cmake-3.27/Modules/CMakeFindDependencyMacro.cmake",
		"/Users/arsen/Qt/6.8.0/macos/lib/cmake/Qt6Gui/Qt6QInsightTrackerPluginTargets.cmake",
		"/Users/arsen/Qt/6.8.0/macos/lib/cmake/Qt6Gui/Qt6QInsightTrackerPluginTargets-relwithdebinfo.cmake",
		"/Users/arsen/Qt/6.8.0/macos/lib/cmake/Qt6Gui/Qt6QInsightTrackerPluginAdditionalTargetInfo.cmake",
		"/Users/arsen/Qt/6.8.0/macos/lib/cmake/Qt6Gui/Qt6QJpegPluginConfig.cmake",
		"/Users/arsen/Qt/Tools/CMake/CMake.app/Contents/share/cmake-3.27/Modules/CMakeFindDependencyMacro.cmake",
		"/Users/arsen/Qt/6.8.0/macos/lib/cmake/Qt6Gui/Qt6QJpegPluginTargets.cmake",
		"/Users/arsen/Qt/6.8.0/macos/lib/cmake/Qt6Gui/Qt6QJpegPluginTargets-relwithdebinfo.cmake",
		"/Users/arsen/Qt/6.8.0/macos/lib/cmake/Qt6Gui/Qt6QJpegPluginAdditionalTargetInfo.cmake",
		"/Users/arsen/Qt/6.8.0/macos/lib/cmake/Qt6Gui/Qt6QMacHeifPluginConfig.cmake",
		"/Users/arsen/Qt/Tools/CMake/CMake.app/Contents/share/cmake-3.27/Modules/CMakeFindDependencyMacro.cmake",
		"/Users/arsen/Qt/6.8.0/macos/lib/cmake/Qt6Gui/Qt6QMacHeifPluginTargets.cmake",
		"/Users/arsen/Qt/6.8.0/macos/lib/cmake/Qt6Gui/Qt6QMacHeifPluginTargets-relwithdebinfo.cmake",
		"/Users/arsen/Qt/6.8.0/macos/lib/cmake/Qt6Gui/Qt6QMacHeifPluginAdditionalTargetInfo.cmake",
		"/Users/arsen/Qt/6.8.0/macos/lib/cmake/Qt6Gui/Qt6QMacJp2PluginConfig.cmake",
		"/Users/arsen/Qt/Tools/CMake/CMake.app/Contents/share/cmake-3.27/Modules/CMakeFindDependencyMacro.cmake",
		"/Users/arsen/Qt/6.8.0/macos/lib/cmake/Qt6Gui/Qt6QMacJp2PluginTargets.cmake",
		"/Users/arsen/Qt/6.8.0/macos/lib/cmake/Qt6Gui/Qt6QMacJp2PluginTargets-relwithdebinfo.cmake",
		"/Users/arsen/Qt/6.8.0/macos/lib/cmake/Qt6Gui/Qt6QMacJp2PluginAdditionalTargetInfo.cmake",
		"/Users/arsen/Qt/6.8.0/macos/lib/cmake/Qt6Gui/Qt6QMinimalIntegrationPluginConfig.cmake",
		"/Users/arsen/Qt/Tools/CMake/CMake.app/Contents/share/cmake-3.27/Modules/CMakeFindDependencyMacro.cmake",
		"/Users/arsen/Qt/6.8.0/macos/lib/cmake/Qt6Gui/Qt6QMinimalIntegrationPluginTargets.cmake",
		"/Users/arsen/Qt/6.8.0/macos/lib/cmake/Qt6Gui/Qt6QMinimalIntegrationPluginTargets-relwithdebinfo.cmake",
		"/Users/arsen/Qt/6.8.0/macos/lib/cmake/Qt6Gui/Qt6QMinimalIntegrationPluginAdditionalTargetInfo.cmake",
		"/Users/arsen/Qt/6.8.0/macos/lib/cmake/Qt6Gui/Qt6QOffscreenIntegrationPluginConfig.cmake",
		"/Users/arsen/Qt/Tools/CMake/CMake.app/Contents/share/cmake-3.27/Modules/CMakeFindDependencyMacro.cmake",
		"/Users/arsen/Qt/6.8.0/macos/lib/cmake/Qt6Gui/Qt6QOffscreenIntegrationPluginTargets.cmake",
		"/Users/arsen/Qt/6.8.0/macos/lib/cmake/Qt6Gui/Qt6QOffscreenIntegrationPluginTargets-relwithdebinfo.cmake",
		"/Users/arsen/Qt/6.8.0/macos/lib/cmake/Qt6Gui/Qt6QOffscreenIntegrationPluginAdditionalTargetInfo.cmake",
		"/Users/arsen/Qt/6.8.0/macos/lib/cmake/Qt6Gui/Qt6QPdfPluginConfig.cmake",
		"/Users/arsen/Qt/Tools/CMake/CMake.app/Contents/share/cmake-3.27/Modules/CMakeFindDependencyMacro.cmake",
		"/Users/arsen/Qt/6.8.0/macos/lib/cmake/Qt6Gui/Qt6QPdfPluginTargets.cmake",
		"/Users/arsen/Qt/6.8.0/macos/lib/cmake/Qt6Gui/Qt6QPdfPluginTargets-relwithdebinfo.cmake",
		"/Users/arsen/Qt/6.8.0/macos/lib/cmake/Qt6Gui/Qt6QPdfPluginAdditionalTargetInfo.cmake",
		"/Users/arsen/Qt/6.8.0/macos/lib/cmake/Qt6Gui/Qt6QSvgIconPluginConfig.cmake",
		"/Users/arsen/Qt/Tools/CMake/CMake.app/Contents/share/cmake-3.27/Modules/CMakeFindDependencyMacro.cmake",
		"/Users/arsen/Qt/6.8.0/macos/lib/cmake/Qt6Gui/Qt6QSvgIconPluginTargets.cmake",
		"/Users/arsen/Qt/6.8.0/macos/lib/cmake/Qt6Gui/Qt6QSvgIconPluginTargets-relwithdebinfo.cmake",
		"/Users/arsen/Qt/6.8.0/macos/lib/cmake/Qt6Gui/Qt6QSvgIconPluginAdditionalTargetInfo.cmake",
		"/Users/arsen/Qt/6.8.0/macos/lib/cmake/Qt6Gui/Qt6QSvgPluginConfig.cmake",
		"/Users/arsen/Qt/Tools/CMake/CMake.app/Contents/share/cmake-3.27/Modules/CMakeFindDependencyMacro.cmake",
		"/Users/arsen/Qt/6.8.0/macos/lib/cmake/Qt6Gui/Qt6QSvgPluginTargets.cmake",
		"/Users/arsen/Qt/6.8.0/macos/lib/cmake/Qt6Gui/Qt6QSvgPluginTargets-relwithdebinfo.cmake",
		"/Users/arsen/Qt/6.8.0/macos/lib/cmake/Qt6Gui/Qt6QSvgPluginAdditionalTargetInfo.cmake",
		"/Users/arsen/Qt/6.8.0/macos/lib/cmake/Qt6Gui/Qt6QTgaPluginConfig.cmake",
		"/Users/arsen/Qt/Tools/CMake/CMake.app/Contents/share/cmake-3.27/Modules/CMakeFindDependencyMacro.cmake",
		"/Users/arsen/Qt/6.8.0/macos/lib/cmake/Qt6Gui/Qt6QTgaPluginTargets.cmake",
		"/Users/arsen/Qt/6.8.0/macos/lib/cmake/Qt6Gui/Qt6QTgaPluginTargets-relwithdebinfo.cmake",
		"/Users/arsen/Qt/6.8.0/macos/lib/cmake/Qt6Gui/Qt6QTgaPluginAdditionalTargetInfo.cmake",
		"/Users/arsen/Qt/6.8.0/macos/lib/cmake/Qt6Gui/Qt6QTiffPluginConfig.cmake",
		"/Users/arsen/Qt/Tools/CMake/CMake.app/Contents/share/cmake-3.27/Modules/CMakeFindDependencyMacro.cmake",
		"/Users/arsen/Qt/6.8.0/macos/lib/cmake/Qt6Gui/Qt6QTiffPluginTargets.cmake",
		"/Users/arsen/Qt/6.8.0/macos/lib/cmake/Qt6Gui/Qt6QTiffPluginTargets-relwithdebinfo.cmake",
		"/Users/arsen/Qt/6.8.0/macos/lib/cmake/Qt6Gui/Qt6QTiffPluginAdditionalTargetInfo.cmake",
		"/Users/arsen/Qt/6.8.0/macos/lib/cmake/Qt6Gui/Qt6QTuioTouchPluginConfig.cmake",
		"/Users/arsen/Qt/Tools/CMake/CMake.app/Contents/share/cmake-3.27/Modules/CMakeFindDependencyMacro.cmake",
		"/Users/arsen/Qt/6.8.0/macos/lib/cmake/Qt6Gui/Qt6QTuioTouchPluginTargets.cmake",
		"/Users/arsen/Qt/6.8.0/macos/lib/cmake/Qt6Gui/Qt6QTuioTouchPluginTargets-relwithdebinfo.cmake",
		"/Users/arsen/Qt/6.8.0/macos/lib/cmake/Qt6Gui/Qt6QTuioTouchPluginAdditionalTargetInfo.cmake",
		"/Users/arsen/Qt/6.8.0/macos/lib/cmake/Qt6Gui/Qt6QVirtualKeyboardPluginConfig.cmake",
		"/Users/arsen/Qt/Tools/CMake/CMake.app/Contents/share/cmake-3.27/Modules/CMakeFindDependencyMacro.cmake",
		"/Users/arsen/Qt/6.8.0/macos/lib/cmake/Qt6Gui/Qt6QVirtualKeyboardPluginTargets.cmake",
		"/Users/arsen/Qt/6.8.0/macos/lib/cmake/Qt6Gui/Qt6QVirtualKeyboardPluginTargets-relwithdebinfo.cmake",
		"/Users/arsen/Qt/6.8.0/macos/lib/cmake/Qt6Gui/Qt6QVirtualKeyboardPluginAdditionalTargetInfo.cmake",
		"/Users/arsen/Qt/6.8.0/macos/lib/cmake/Qt6Gui/Qt6QWbmpPluginConfig.cmake",
		"/Users/arsen/Qt/Tools/CMake/CMake.app/Contents/share/cmake-3.27/Modules/CMakeFindDependencyMacro.cmake",
		"/Users/arsen/Qt/6.8.0/macos/lib/cmake/Qt6Gui/Qt6QWbmpPluginTargets.cmake",
		"/Users/arsen/Qt/6.8.0/macos/lib/cmake/Qt6Gui/Qt6QWbmpPluginTargets-relwithdebinfo.cmake",
		"/Users/arsen/Qt/6.8.0/macos/lib/cmake/Qt6Gui/Qt6QWbmpPluginAdditionalTargetInfo.cmake",
		"/Users/arsen/Qt/6.8.0/macos/lib/cmake/Qt6Gui/Qt6QWebpPluginConfig.cmake",
		"/Users/arsen/Qt/Tools/CMake/CMake.app/Contents/share/cmake-3.27/Modules/CMakeFindDependencyMacro.cmake",
		"/Users/arsen/Qt/6.8.0/macos/lib/cmake/Qt6Gui/Qt6QWebpPluginTargets.cmake",
		"/Users/arsen/Qt/6.8.0/macos/lib/cmake/Qt6Gui/Qt6QWebpPluginTargets-relwithdebinfo.cmake",
		"/Users/arsen/Qt/6.8.0/macos/lib/cmake/Qt6Gui/Qt6QWebpPluginAdditionalTargetInfo.cmake",
		"/Users/arsen/Qt/6.8.0/macos/lib/cmake/Qt6Widgets/Qt6WidgetsTargets.cmake",
		"/Users/arsen/Qt/6.8.0/macos/lib/cmake/Qt6Widgets/Qt6WidgetsTargets-relwithdebinfo.cmake",
		"/Users/arsen/Qt/6.8.0/macos/lib/cmake/Qt6Widgets/Qt6WidgetsAdditionalTargetInfo.cmake",
		"/Users/arsen/Qt/6.8.0/macos/lib/cmake/Qt6Widgets/Qt6WidgetsVersionlessTargets.cmake",
		"/Users/arsen/Qt/6.8.0/macos/lib/cmake/Qt6Widgets/Qt6WidgetsMacros.cmake",
		"/Users/arsen/Qt/6.8.0/macos/lib/cmake/Qt6Widgets/Qt6WidgetsPlugins.cmake",
		"/Users/arsen/Qt/6.8.0/macos/lib/cmake/Qt6Widgets/Qt6QMacStylePluginConfig.cmake",
		"/Users/arsen/Qt/Tools/CMake/CMake.app/Contents/share/cmake-3.27/Modules/CMakeFindDependencyMacro.cmake",
		"/Users/arsen/Qt/6.8.0/macos/lib/cmake/Qt6Widgets/Qt6QMacStylePluginTargets.cmake",
		"/Users/arsen/Qt/6.8.0/macos/lib/cmake/Qt6Widgets/Qt6QMacStylePluginTargets-relwithdebinfo.cmake",
		"/Users/arsen/Qt/6.8.0/macos/lib/cmake/Qt6Widgets/Qt6QMacStylePluginAdditionalTargetInfo.cmake",
		"/Users/arsen/Qt/Tools/CMake/CMake.app/Contents/share/cmake-3.27/Modules/GNUInstallDirs.cmake",
		"/Users/arsen/Qt/6.8.0/macos/lib/cmake/Qt6/macos/Info.plist.app.in"
	],
	"CMAKE_SOURCE_DIR" : "/Users/arsen/Home/Calculator/Calculator",
	"DEP_FILE" : "/Users/arsen/Home/Calculator/build-Calculator-Qt_6_8_0_for_macOS-Debug/Calculator_autogen/deps",
	"DEP_FILE_RULE_NAME" : "Calculator_autogen/timestamp",
	"HEADERS" : 
	[
		[
			"/Users/arsen/Home/Calculator/Calculator/calculator.h",
			"MU",
			"EWIEGA46WW/moc_calculator.cpp",
			null
		]
	],
	"HEADER_EXTENSIONS" : [ "h", "hh", "h++", "hm", "hpp", "hxx", "in", "txx" ],
	"INCLUDE_DIR" : "/Users/arsen/Home/Calculator/build-Calculator-Qt_6_8_0_for_macOS-Debug/Calculator_autogen/include",
	"MOC_COMPILATION_FILE" : "/Users/arsen/Home/Calculator/build-Calculator-Qt_6_8_0_for_macOS-Debug/Calculator_autogen/mocs_compilation.cpp",
	"MOC_DEFINITIONS" : [ "QT_CORE_LIB", "QT_GUI_LIB", "QT_WIDGETS_LIB" ],
	"MOC_DEPEND_FILTERS" : 
	[
		[
			"Q_PLUGIN_METADATA",
			"[\n][ \t]*Q_PLUGIN_METADATA[ \t]*\\([^\\)]*FILE[ \t]*\"([^\"]+)\""
		]
	],
	"MOC_INCLUDES" : 
	[
		"/Users/arsen/Qt/6.8.0/macos/lib/QtCore.framework/Headers",
		"/Users/arsen/Qt/6.8.0/macos/lib/QtCore.framework",
		"/Users/arsen/Qt/6.8.0/macos/mkspecs/macx-clang",
		"/Users/arsen/Qt/6.8.0/macos/include",
		"/Users/arsen/Qt/6.8.0/macos/lib/QtWidgets.framework/Headers",
		"/Users/arsen/Qt/6.8.0/macos/lib/QtWidgets.framework",
		"/Users/arsen/Qt/6.8.0/macos/lib/QtGui.framework/Headers",
		"/Users/arsen/Qt/6.8.0/macos/lib/QtGui.framework",
		"/usr/include",
		"/Library/Developer/CommandLineTools/SDKs/MacOSX14.2.sdk/usr/include"
	],
	"MOC_MACRO_NAMES" : 
	[
		"Q_OBJECT",
		"Q_GADGET",
		"Q_NAMESPACE",
		"Q_NAMESPACE_EXPORT",
		"Q_GADGET_EXPORT",
		"Q_ENUM_NS"
	],
	"MOC_OPTIONS" : [],
	"MOC_PATH_PREFIX" : false,
	"MOC_PREDEFS_CMD" : 
	[
		"/usr/bin/clang++",
		"-std=gnu++17",
		"-dM",
		"-E",
		"-c",
		"/Users/arsen/Qt/Tools/CMake/CMake.app/Contents/share/cmake-3.27/Modules/CMakeCXXCompilerABI.cpp"
	],
	"MOC_PREDEFS_FILE" : "/Users/arsen/Home/Calculator/build-Calculator-Qt_6_8_0_for_macOS-Debug/Calculator_autogen/moc_predefs.h",
	"MOC_RELAXED_MODE" : false,
	"MOC_SKIP" : [],
	"MULTI_CONFIG" : false,
	"PARALLEL" : 6,
	"PARSE_CACHE_FILE" : "/Users/arsen/Home/Calculator/build-Calculator-Qt_6_8_0_for_macOS-Debug/CMakeFiles/Calculator_autogen.dir/ParseCache.txt",
	"QT_MOC_EXECUTABLE" : "/Users/arsen/Qt/6.8.0/macos/./libexec/moc",
	"QT_UIC_EXECUTABLE" : "/Users/arsen/Qt/6.8.0/macos/./libexec/uic",
	"QT_VERSION_MAJOR" : 6,
	"QT_VERSION_MINOR" : 8,
	"SETTINGS_FILE" : "/Users/arsen/Home/Calculator/build-Calculator-Qt_6_8_0_for_macOS-Debug/CMakeFiles/Calculator_autogen.dir/AutogenUsed.txt",
	"SOURCES" : 
	[
		[ "/Users/arsen/Home/Calculator/Calculator/calculator.cpp", "MU", null ],
		[ "/Users/arsen/Home/Calculator/Calculator/main.cpp", "MU", null ]
	],
	"UIC_OPTIONS" : [],
	"UIC_SEARCH_PATHS" : [],
	"UIC_SKIP" : [],
	"UIC_UI_FILES" : [],
	"VERBOSITY" : 0
}
